"冬季胖子加厚棉衣男士加肥大码面包服韩版百搭棉袄外套个性潮男装 黑色 S","广西","好男孩潮品铺","178.00","128.00","39_05977681498246100_240.jpg","5","上装","1","5","39","10"
"冬季胖子棉衣男士灯芯绒加厚棉服韩版个性外套加肥大码潮男装棉袄 黄色 S","广西","好男孩潮品铺","198.00","138.00","39_05982346005548882_240.jpg","5","上装","2","78","20","4"
"冬季情侣连帽面包服男士帅气短款棉衣韩版休闲棉袄潮男装加厚外套 灰色 S","广西","好男孩潮品铺","218.00","189.00","39_05982349565989895_240.jpg","5","上装","3","99","6","1"
"冬季情侣连帽面包服男士帅气短款棉衣韩版宽松加厚棉袄潮男装外套 黑色 S","广西","好男孩潮品铺","238.00","148.00","39_05982354899298264_240.jpg","5","上装","4","34","9","2"
"潮男秋冬季裤子男韩版潮流秋季加绒运动男士休闲裤宽松潮牌束脚工装裤 深灰色 S","江苏","潮男搭配师","143.00","79.00","45_05960745627128595_240.jpg","5","下装","11","44","43","20"
"裤子男韩版潮流秋冬季运动裤男士加绒宽松休闲束脚长裤潮牌工装裤 黑色 M","江苏","潮男搭配师","158.00","109.00","45_05960739685357586_240.jpg","5","下装","12","31","33","14"
"休闲裤男士裤子男冬季修身小脚韩版潮流秋冬款2017学生哈伦束脚裤 宝蓝 28","江苏","潮男搭配师","230.00","152.00","15_05599992122073239_240.jpg","5","下装","13","23","24","7"
"2017秋季新款休闲裤男士加肥加大码束脚卫裤韩版青年小脚潮男裤子 黑色 M","江苏","潮男搭配师","220.00","98.00","18_05598228774481982_240.jpg","5","下装","14","62","13","3"
"秋装牛仔外套男迷彩学生港式bf风工装夹克潮流帅气男士牛仔褂上衣 灰色 M","广西","顺潮服装","178.00","118.00","39_05977681498246100_240.jpg","5","上装","5","55","39","10"
"男士外套春秋韩版修身薄2018新款秋季潮流帅气男秋装百搭休闲夹克 灰色 M","广西","顺潮服装","198.00","78.00","39_05982346005548882_240.jpg","5","上装","6","78","20","4"
"冬季新款男士牛仔外套加绒加厚保暖棉衣韩版修身潮流大码夹克 黑色 M","广西","顺潮服装","168.00","99.00","39_05982349565989895_240.jpg","5","上装","7","99","6","1"
"新款冬季男士外套春秋装休闲夹克ins加绒厚韩版潮流学生衣服 灰色 M","广西","顺潮服装","148.00","88.00","39_05982354899298264_240.jpg","5","上装","8","34","9","2"
"马丁靴男靴子高帮雪地男鞋冬季中帮短靴潮工装沙漠靴英伦复古百搭 黑色 39","北京","MG鞋店","145.00","129.00","41_05967491081317810_240.jpg","5","鞋靴","21","31","32","10"
"秋季新款男鞋子青春潮流男士韩版百搭休闲鞋跑步冬季运动潮鞋 黑色 39","北京","MG鞋店","168.00","108.00","41_05961427447152871_360.jpg","5","鞋靴","22","41","16","8"
"冬季新款男鞋高帮鞋韩版潮流百搭ins板鞋运动嘻哈男士潮鞋子 白色 39","北京","MG鞋店","138.00","118.00","42_05943346593585111_240.jpg","5","鞋靴","23","31","10","10"
"冬季新款小白鞋子男韩版潮流休闲鞋学生百搭板鞋运动男士潮鞋 白色 39","北京","MG鞋店","158.00","119.00","42_05943350610168912_240.jpg","5","鞋靴","24","31","11","10"
"马丁靴男靴子高帮雪地男鞋冬季中帮短靴潮工装沙漠靴英伦复古百搭 白色 39","天津","寻优鞋品","148.00","89.00","41_05967491081317810_240.jpg","5","鞋靴","25","31","12","10"
"秋季新款男鞋子青春潮流男士韩版百搭休闲鞋跑步冬季运动潮鞋 白色 39","天津","寻优鞋品","128.00","68.00","41_05961427447152871_360.jpg","5","鞋靴","26","41","13","8"
"冬季新款男鞋高帮鞋韩版潮流百搭ins板鞋运动嘻哈男士潮鞋子 黑色 39","天津","寻优鞋品","138.00","118.00","42_05943346593585111_240.jpg","5","鞋靴","27","31","14","10"
"冬季新款小白鞋子男韩版潮流休闲鞋学生百搭板鞋运动男士潮鞋 棕色 39","天津","寻优鞋品","128.00","79.00","42_05943350610168912_240.jpg","5","鞋靴","28","31","15","10"
"潮男秋冬季裤子男韩版潮流秋季加绒运动男士休闲裤宽松潮牌束脚工装裤 灰色 S","江西","潮衣格","169.00","79.00","45_05960745627128595_240.jpg","5","下装","15","44","43","20"
"裤子男韩版潮流秋冬季运动裤男士加绒宽松休闲束脚长裤潮牌工装裤 蓝色 M","江西","潮衣格","158.00","109.00","45_05960739685357586_240.jpg","5","下装","16","31","33","14"
"休闲裤男士裤子男冬季修身小脚韩版潮流秋冬款2017学生哈伦束脚裤 蓝宝 28","江西","潮衣格","250.00","152.00","15_05599992122073239_240.jpg","5","下装","17","23","24","7"
"2017秋季新款休闲裤男士加肥加大码束脚卫裤韩版青年小脚潮男裤子 棕色 M","江西","潮衣格","220.00","98.00","18_05598228774481982_240.jpg","5","下装","18","62","13","3"
"马丁靴男靴子高帮雪地男鞋冬季中帮短靴潮工装沙漠靴英伦复古休闲 黑色 39","山西","休闲鞋店","145.00","139.00","41_05967491081317810_240.jpg","5","鞋靴","31","31","9","10"
"秋季新款男鞋子青春潮流男士韩版百搭休闲鞋跑步冬季运动鞋 黑色 39","山西","休闲鞋店","168.00","118.00","41_05961427447152871_360.jpg","5","鞋靴","32","41","23","8"
"冬季新款男鞋高帮鞋韩版潮流百搭ins板鞋运动嘻哈男士鞋子 白色 39","山西","休闲鞋店","138.00","128.00","42_05943346593585111_240.jpg","5","鞋靴","33","31","33","10"
"冬季新款小白鞋子男韩版潮流休闲鞋学生百搭板鞋运动男士鞋 白色 39","山西","休闲鞋店","158.00","159.00","42_05943350610168912_240.jpg","5","鞋靴","34","31","31","10"
"马丁靴男靴子高帮雪地男鞋冬季中帮短靴潮工装沙漠靴英伦复古休闲 白色 39","西安","英伦鞋品","148.00","109.00","41_05967491081317810_240.jpg","5","鞋靴","35","31","25","10"
"秋季新款男鞋子青春潮流男士韩版百搭休闲鞋跑步冬季运动鞋 白色 39","西安","英伦鞋品","128.00","102.00","41_05961427447152871_360.jpg","5","鞋靴","36","41","29","8"
"冬季新款男鞋高帮鞋韩版潮流百搭ins板鞋运动嘻哈男士潮休闲鞋子 黑色 39","西安","英伦鞋品","138.00","98.00","42_05943346593585111_240.jpg","5","鞋靴","37","31","28","10"
"冬季新款小白鞋子男韩版潮流休闲鞋学生百搭板鞋运动男休闲潮鞋 棕色 39","西安","英伦鞋品","128.00","79.00","42_05943350610168912_240.jpg","5","鞋靴","38","31","27","10"
"马丁靴男靴子高帮雪地男鞋冬季中帮短靴潮工装沙漠靴英伦复古百搭 黑色 37","北京","MG鞋店","145.00","1129.00","41_05967491081317810_240.jpg","5","鞋靴","41","31","16","10"
"秋季新款男鞋子青春潮流男士韩版百搭休闲鞋跑步冬季运动潮鞋 黑色 37","北京","MG鞋店","168.00","1108.00","41_05961427447152871_360.jpg","5","鞋靴","42","41","31","8"
"冬季新款男鞋高帮鞋韩版潮流百搭ins板鞋运动嘻哈男士潮鞋子 白色 37","北京","MG鞋店","138.00","1118.00","42_05943346593585111_240.jpg","5","鞋靴","43","31","21","10"
"冬季新款小白鞋子男韩版潮流休闲鞋学生百搭板鞋运动男士潮鞋 白色 37","北京","MG鞋店","158.00","1119.00","42_05943350610168912_240.jpg","5","鞋靴","44","31","24","10"
"马丁靴男靴子高帮雪地男鞋冬季中帮短靴潮工装沙漠靴英伦复古百搭 白色 37","天津","寻优鞋品","148.00","189.00","41_05967491081317810_240.jpg","5","鞋靴","45","31","21","10"
"秋季新款男鞋子青春潮流男士韩版百搭休闲鞋跑步冬季运动潮鞋 白色 37","天津","寻优鞋品","128.00","168.00","41_05961427447152871_360.jpg","5","鞋靴","46","41","23","8"
"冬季新款男鞋高帮鞋韩版潮流百搭ins板鞋运动嘻哈男士潮鞋子 黑色 37","天津","寻优鞋品","138.00","1118.00","42_05943346593585111_240.jpg","5","鞋靴","47","31","22","10"
"冬季新款小白鞋子男韩版潮流休闲鞋学生百搭板鞋运动男士潮鞋 棕色 37","天津","寻优鞋品","128.00","179.00","42_05943350610168912_240.jpg","5","鞋靴","48","31","18","10"
"马丁靴男靴子高帮雪地男鞋冬季中帮短靴潮工装沙漠靴英伦复古休闲 黑色 37","山西","休闲鞋店","145.00","2129.00","41_05967491081317810_240.jpg","5","鞋靴","51","31","16","10"
"秋季新款男鞋子青春潮流男士韩版百搭休闲鞋跑步冬季运动鞋 黑色 37","山西","休闲鞋店","168.00","2108.00","41_05961427447152871_360.jpg","5","鞋靴","52","41","15","8"
"冬季新款男鞋高帮鞋韩版潮流百搭ins板鞋运动嘻哈男士鞋子 白色 37","山西","休闲鞋店","138.00","2118.00","42_05943346593585111_240.jpg","5","鞋靴","53","31","14","10"
"冬季新款小白鞋子男韩版潮流休闲鞋学生百搭板鞋运动男士鞋 白色 37","山西","休闲鞋店","158.00","2119.00","42_05943350610168912_240.jpg","5","鞋靴","54","31","13","10"
"马丁靴男靴子高帮雪地男鞋冬季中帮短靴潮工装沙漠靴英伦复古休闲 白色 37","西安","英伦鞋品","148.00","289.00","41_05967491081317810_240.jpg","5","鞋靴","55","31","11","10"
"秋季新款男鞋子青春潮流男士韩版百搭休闲鞋跑步冬季运动鞋 白色 37","西安","英伦鞋品","128.00","268.00","41_05961427447152871_360.jpg","5","鞋靴","56","41","22","8"
"冬季新款男鞋高帮鞋韩版潮流百搭ins板鞋运动嘻哈男士潮休闲鞋子 黑色 37","西安","英伦鞋品","138.00","2118.00","42_05943346593585111_240.jpg","5","鞋靴","57","31","12","10"
"冬季新款小白鞋子男韩版潮流休闲鞋学生百搭板鞋运动男休闲潮鞋 棕色 37","西安","英伦鞋品","128.00","279.00","42_05943350610168912_240.jpg","5","鞋靴","58","31","12","10"
