"17","1","152.00","aa","江西","15_05599992122073239_240.jpg","潮衣格","休闲裤男士裤子男冬季修身小脚韩版潮流秋冬款2017学生哈伦束脚裤 蓝宝 28"
"26","1","68.00","aa","天津","41_05961427447152871_360.jpg","寻优鞋品","秋季新款男鞋子青春潮流男士韩版百搭休闲鞋跑步冬季运动潮鞋 白色 39"
"1","1","128.00","u3117","广西","39_05977681498246100_240.jpg","男孩潮品铺","冬季胖子加厚棉衣男士加肥大码面包服韩版百搭棉袄外套个性潮男装 黑色 S"
"1","1","128.00","u3117","广西","39_05977681498246100_240.jpg","男孩潮品铺","冬季胖子加厚棉衣男士加肥大码面包服韩版百搭棉袄外套个性潮男装 黑色 S"
"1","1","128.00","u3117","广西","39_05977681498246100_240.jpg","男孩潮品铺","冬季胖子加厚棉衣男士加肥大码面包服韩版百搭棉袄外套个性潮男装 黑色 S"
"1","1","128.00","u3117","广西","39_05977681498246100_240.jpg","好男孩潮品铺","冬季胖子加厚棉衣男士加肥大码面包服韩版百搭棉袄外套个性潮男装 黑色 S"
"1","1","128.00","u3117","广西","39_05977681498246100_240.jpg","好男孩潮品铺","冬季胖子加厚棉衣男士加肥大码面包服韩版百搭棉袄外套个性潮男装 黑色 S"
"25","2","89.00","aa","天津","41_05967491081317810_240.jpg","寻优鞋品","马丁靴男靴子高帮雪地男鞋冬季中帮短靴潮工装沙漠靴英伦复古百搭 白色 39"
"18","2","98.00","aa","江西","18_05598228774481982_240.jpg","潮衣格","2017秋季新款休闲裤男士加肥加大码束脚卫裤韩版青年小脚潮男裤子 棕色 M"
"1","1","128.00","fpluiu","广西","39_05977681498246100_240.jpg","好男孩潮品铺","冬季胖子加厚棉衣男士加肥大码面包服韩版百搭棉袄外套个性潮男装 黑色 S"
